metal,iron
fraction,total
station,
NE-42400157,0.08278819219002512
NE-42400231,-0.045646754049140384
